_id,Jpid,cpid,applyid,title,date
64d122736077c65a99cfc71e,1,101,201,Software Engineer,2023-08-01T00:00:00Z
64d122736077c65a99cfc71f,2,102,202,Data Analyst,2023-08-02T00:00:00Z
64d122736077c65a99cfc720,3,101,203,Frontend Developer,2023-08-03T00:00:00Z
64d122736077c65a99cfc721,4,103,204,Product Manager,2023-08-04T00:00:00Z
64d122736077c65a99cfc722,5,102,205,Quality Assurance,2023-08-05T00:00:00Z
64d122736077c65a99cfc723,6,101,206,Backend Developer,2023-08-06T00:00:00Z
64d122736077c65a99cfc724,7,103,207,Sales Associate,2023-08-07T00:00:00Z
64d122736077c65a99cfc725,8,102,208,Business Analyst,2023-08-08T00:00:00Z
64d122736077c65a99cfc726,9,101,209,UI Designer,2023-08-09T00:00:00Z
64d122736077c65a99cfc727,10,103,210,Content Writer,2023-08-10T00:00:00Z
